employee_id,age,experience_years,salary,department,education,job_satisfaction,work_life_balance,training_hours,attrition
1,59,13,137599,Sales,Bachelors,1,2,27,1
2,49,30,55678,Operations,Bachelors,5,4,41,0
3,35,4,101218,Operations,Masters,1,5,42,0
4,28,34,88230,IT,Bachelors,1,3,41,0
5,41,22,139684,Sales,Bachelors,2,4,65,0
6,59,28,99055,Finance,Masters,5,2,54,0
7,39,10,81373,IT,Bachelors,4,4,71,0
8,43,17,56480,Sales,Bachelors,2,1,47,1
9,31,11,110230,Sales,Bachelors,1,1,21,1
10,31,8,93836,IT,PhD,1,5,26,0
11,44,9,97258,Operations,Bachelors,1,5,66,0
12,56,16,64986,Sales,Masters,5,3,12,0
13,44,6,49160,Operations,Bachelors,5,4,44,0
14,23,12,110595,IT,Bachelors,2,1,9,1
15,42,8,126358,Operations,Masters,4,5,8,0
16,22,26,104111,HR,PhD,2,4,53,0
17,44,1,89929,Finance,Masters,3,5,26,0
18,50,4,98506,Sales,Masters,1,5,33,0
19,58,28,59911,Finance,Masters,1,1,0,1
20,22,18,112127,Operations,Bachelors,1,1,31,1
21,41,7,56821,Sales,Bachelors,2,5,70,0
22,53,0,100039,Operations,Masters,2,2,66,1
23,32,21,85535,HR,Bachelors,1,5,19,0
24,42,16,138453,IT,Masters,2,5,34,0
25,45,6,109458,Sales,Masters,5,3,77,0
26,47,24,37175,HR,Bachelors,5,3,16,1
27,48,3,144235,HR,Bachelors,2,3,17,0
28,36,5,79771,Sales,Masters,1,2,44,1
29,35,30,131660,Operations,Bachelors,2,2,52,1
30,23,18,146300,HR,Masters,2,5,67,0
31,57,26,111925,Finance,Bachelors,2,3,64,1
32,27,9,138374,HR,Masters,3,2,0,0
33,41,25,91358,Operations,Bachelors,5,1,57,0
34,29,18,42327,Operations,Masters,4,5,25,0
35,59,2,72057,Finance,Bachelors,4,4,19,0
36,38,12,31150,HR,Bachelors,3,5,9,0
37,24,27,29425,Operations,Bachelors,2,4,58,1
38,45,19,148654,Sales,Masters,3,3,74,0
39,34,27,41032,IT,Masters,3,4,40,0
40,29,7,27198,IT,Bachelors,1,3,4,1
41,46,0,85500,IT,Bachelors,5,1,64,0
42,22,2,78394,HR,Bachelors,4,4,16,0
43,40,12,45079,Finance,Masters,2,5,21,1
44,48,27,61220,Operations,Masters,4,3,40,0
45,27,24,66874,Sales,Bachelors,4,5,67,0
46,28,32,38859,Sales,Bachelors,5,2,68,1
47,55,5,75460,HR,Bachelors,4,3,10,0
48,34,31,56419,IT,Bachelors,4,4,55,0
49,37,20,143865,HR,Bachelors,3,3,50,0
50,56,15,33705,Finance,PhD,5,5,20,0
51,24,20,67880,Finance,Bachelors,1,1,75,1
52,22,10,48236,Operations,Masters,2,3,25,1
53,26,34,112955,Operations,Bachelors,4,4,18,0
54,24,18,110514,Finance,Bachelors,2,2,59,1
55,49,19,128145,Finance,Masters,1,1,70,1
56,38,17,40358,Finance,Masters,2,2,46,1
57,46,13,124713,HR,PhD,1,3,70,1
58,54,14,119914,Finance,Bachelors,3,5,25,0
59,30,30,127870,Sales,Bachelors,4,5,39,0
60,56,0,101918,IT,Masters,1,4,4,0
61,34,2,144179,Finance,Bachelors,2,5,20,0
62,51,15,141243,IT,Bachelors,4,1,77,0
63,35,22,39596,HR,Bachelors,3,5,3,0
64,28,10,58572,IT,Bachelors,4,4,22,0
65,34,11,103757,HR,Masters,1,3,14,0
66,43,9,26279,Sales,Bachelors,3,3,7,0
67,41,31,88197,HR,Bachelors,2,5,40,0
68,36,15,136496,HR,Bachelors,3,2,18,0
69,38,7,87516,Operations,Bachelors,3,3,45,0
70,44,11,32083,Finance,Bachelors,5,5,27,1
71,46,23,145674,Finance,Bachelors,3,4,67,0
72,45,27,145307,Sales,Bachelors,3,5,14,0
73,49,7,134397,Sales,Masters,4,3,36,0
74,35,27,42771,Finance,Bachelors,2,4,0,1
75,21,25,54975,Operations,Bachelors,4,5,66,0
76,45,7,70648,Finance,Masters,4,1,23,0
77,27,27,73285,Operations,Masters,1,4,26,1
78,29,27,44063,Sales,Bachelors,4,1,39,1
79,44,26,92642,IT,Bachelors,5,2,62,0
80,21,16,115093,Sales,Bachelors,5,4,60,0
81,28,8,139390,Sales,Masters,1,1,35,1
82,44,32,111143,HR,PhD,2,3,23,0
83,31,19,62599,HR,Masters,2,3,23,0
84,37,12,76920,HR,Bachelors,4,2,3,0
85,28,27,53529,HR,Masters,4,4,66,0
86,55,28,60954,Operations,Bachelors,4,4,33,0
87,55,12,52856,Finance,Bachelors,2,4,56,0
88,53,34,27573,IT,Bachelors,3,2,48,1
89,25,5,103344,Sales,PhD,5,4,52,0
90,59,17,60367,Operations,Bachelors,3,3,22,0
91,48,4,127337,IT,Masters,3,1,68,1
92,27,24,131732,Operations,Bachelors,2,3,52,0
93,29,1,124608,Operations,Bachelors,3,3,61,0
94,28,9,85774,Sales,Bachelors,1,1,40,1
95,32,29,48752,Finance,Bachelors,4,3,56,0
96,54,4,80029,HR,Masters,1,2,59,1
97,53,32,42685,Finance,Bachelors,5,1,53,1
98,43,0,76693,Sales,Masters,4,3,69,0
99,44,17,141739,Sales,Masters,3,5,56,0
100,57,31,80961,Sales,Masters,5,3,9,0
101,55,10,131937,IT,Bachelors,4,2,39,0
102,42,20,149956,Finance,Bachelors,3,4,6,0
103,47,25,101908,Finance,Bachelors,1,3,37,0
104,55,24,99532,Operations,PhD,4,4,60,0
105,21,21,106994,Operations,Masters,3,5,2,0
106,55,26,81133,Operations,Bachelors,1,3,50,0
107,57,12,122425,Sales,Masters,5,1,46,0
108,34,32,86268,Finance,Bachelors,5,4,67,0
109,23,33,117201,Sales,Masters,5,5,75,0
110,21,34,63243,IT,Bachelors,5,1,37,0
111,25,0,82384,Operations,Masters,2,1,35,1
112,46,20,56653,Sales,Bachelors,4,1,40,0
113,34,5,51657,Sales,Masters,4,1,68,0
114,59,27,64952,IT,Masters,2,3,12,0
115,47,16,47180,HR,Masters,3,3,57,0
116,29,4,122432,Finance,Bachelors,3,3,49,0
117,35,30,146829,HR,Bachelors,5,5,29,0
118,35,4,103411,Operations,Bachelors,1,5,61,0
119,46,2,26622,Sales,Bachelors,3,5,24,0
120,33,22,73756,IT,Bachelors,1,2,26,1
121,52,9,65809,IT,Masters,4,5,50,0
122,59,9,41725,Finance,Bachelors,1,3,77,1
123,52,18,86396,HR,Bachelors,4,3,56,0
124,24,16,76226,Finance,Bachelors,2,2,46,1
125,50,20,131296,Sales,Bachelors,2,2,38,1
126,57,13,106182,Finance,Masters,5,5,15,0
127,43,8,107565,IT,Bachelors,3,4,21,0
128,59,0,54402,IT,Masters,5,2,53,0
129,35,12,29263,Operations,Bachelors,4,1,20,1
130,49,3,148489,Operations,PhD,5,3,71,0
131,56,0,121523,Sales,Masters,1,1,15,1
132,33,31,71828,HR,Bachelors,4,3,58,0
133,52,33,145824,Finance,Masters,2,3,30,0
134,27,27,72924,Sales,Bachelors,3,2,41,0
135,42,30,99182,Operations,Masters,4,2,73,1
136,48,7,118065,Finance,Bachelors,4,1,31,0
137,22,25,84052,Operations,Masters,1,3,58,0
138,26,33,36664,Finance,Masters,3,1,33,1
139,48,2,60737,HR,Masters,2,4,8,0
140,48,11,126332,Sales,Masters,4,1,10,0
141,40,0,114563,Finance,Bachelors,4,5,9,0
142,50,4,54373,IT,Bachelors,1,1,16,1
143,31,29,142369,IT,Bachelors,5,5,67,0
144,48,29,61397,Finance,Bachelors,2,5,47,0
145,45,16,111145,Finance,Masters,3,5,51,0
146,59,22,126371,Finance,Bachelors,4,4,24,0
147,53,14,63709,IT,PhD,4,1,20,1
148,21,20,141074,IT,Masters,2,1,64,1
149,47,13,86120,Finance,Masters,5,4,62,0
150,33,1,44250,Operations,Bachelors,4,3,50,1
151,23,10,46172,Operations,Masters,2,2,35,1
152,59,33,36555,HR,Masters,1,1,65,1
153,26,33,112410,Sales,Bachelors,5,2,14,0
154,28,17,103617,Operations,Masters,3,4,38,0
155,47,29,78276,IT,Masters,4,3,69,0
156,29,14,82492,Operations,Bachelors,2,3,0,0
157,57,26,78002,HR,Bachelors,1,3,22,0
158,53,33,145103,HR,Bachelors,3,4,38,0
159,44,32,149938,Sales,Bachelors,2,5,56,0
160,35,23,114599,Operations,Bachelors,2,5,33,0
161,52,14,97355,IT,Bachelors,3,2,40,1
162,52,29,116248,IT,Bachelors,1,5,72,1
163,44,16,49762,Finance,Bachelors,1,5,12,1
164,32,4,36046,IT,PhD,5,3,69,1
165,59,28,121999,Sales,Bachelors,4,3,5,0
166,22,3,149130,Sales,PhD,3,2,51,0
167,23,9,141021,IT,Bachelors,3,1,2,0
168,57,16,53769,IT,Bachelors,3,2,62,0
169,37,9,78302,Finance,Bachelors,1,2,48,1
170,22,16,48150,IT,Bachelors,4,4,75,0
171,22,19,93247,Finance,Bachelors,5,4,46,0
172,48,23,29853,Finance,Masters,2,2,54,1
173,43,4,119613,IT,Bachelors,2,2,63,1
174,57,33,145900,HR,Masters,3,2,64,1
175,52,5,114399,HR,Masters,4,5,66,0
176,53,1,46792,Finance,Bachelors,1,4,14,1
177,21,12,84129,IT,Bachelors,4,2,31,1
178,39,10,131019,HR,Masters,4,3,67,0
179,22,22,99478,IT,Bachelors,1,3,17,1
180,46,15,138811,IT,Bachelors,3,5,42,0
181,52,30,139130,IT,PhD,4,5,34,0
182,26,10,92298,Operations,Bachelors,2,1,77,1
183,52,15,56987,IT,Masters,1,1,57,1
184,24,7,40850,Operations,PhD,5,1,32,1
185,31,3,37112,Finance,Bachelors,3,5,13,0
186,37,3,146789,HR,Bachelors,1,5,33,0
187,58,24,49058,HR,Bachelors,5,5,60,1
188,44,2,70420,HR,Bachelors,5,3,3,0
189,25,31,63890,HR,Bachelors,4,5,58,0
190,54,2,91017,HR,Masters,4,3,28,0
191,26,26,72304,HR,Bachelors,4,1,5,0
192,42,28,57921,HR,Bachelors,1,1,48,1
193,31,31,130921,Finance,PhD,1,1,39,1
194,36,18,26524,IT,Masters,3,2,64,1
195,53,20,125424,Sales,Masters,4,2,68,0
196,29,4,40048,Operations,Bachelors,5,4,26,1
197,26,17,60111,Sales,Masters,2,4,79,0
198,36,27,62904,Sales,Bachelors,3,4,5,0
199,49,21,79912,IT,Bachelors,1,2,12,1
200,23,20,59008,IT,Bachelors,3,2,63,0
201,40,5,25060,IT,Masters,3,4,61,0
202,56,0,99666,HR,Bachelors,3,4,18,0
203,39,4,108559,Finance,Bachelors,3,5,75,0
204,46,11,80337,HR,Bachelors,2,4,79,0
205,23,25,135616,Finance,Bachelors,4,5,42,0
206,39,33,38350,Finance,Masters,5,3,73,0
207,40,13,49354,Sales,Masters,3,2,19,1
208,52,25,70186,Sales,Masters,3,4,67,0
209,27,26,53145,Finance,Bachelors,3,2,43,0
210,53,8,59020,Finance,Bachelors,4,2,22,0
211,59,25,111123,HR,Bachelors,1,2,1,1
212,38,21,131667,HR,Bachelors,1,3,21,0
213,21,29,100186,Sales,Bachelors,2,1,56,1
214,31,16,110469,IT,Masters,1,4,71,0
215,48,25,45581,Finance,Bachelors,3,1,6,1
216,45,0,113929,HR,Bachelors,3,1,77,0
217,43,7,48051,Sales,Bachelors,3,1,55,1
218,51,34,76474,HR,Bachelors,2,2,66,1
219,50,14,116748,Finance,Bachelors,3,5,15,0
220,55,21,139618,Finance,PhD,1,2,50,1
221,27,13,94626,Operations,Masters,4,2,79,1
222,36,25,31960,IT,PhD,4,1,71,1
223,46,27,60772,Operations,Bachelors,5,2,11,1
224,22,22,46520,Sales,Bachelors,1,1,52,1
225,21,13,74481,HR,Bachelors,3,5,74,0
226,32,23,61408,Sales,Bachelors,4,4,4,0
227,25,1,119006,Finance,Masters,1,1,26,1
228,57,25,82134,Operations,Bachelors,4,5,11,0
229,52,13,45491,Operations,Bachelors,3,4,16,0
230,29,6,26341,Operations,Bachelors,4,3,5,1
231,55,2,69623,Sales,Bachelors,5,1,4,0
232,39,22,115327,Finance,Masters,5,1,56,0
233,36,17,25338,HR,Bachelors,4,3,27,0
234,23,34,96431,HR,Bachelors,1,3,77,1
235,40,14,37254,Sales,Bachelors,1,1,68,1
236,44,24,76860,Operations,Bachelors,1,3,58,0
237,53,27,36344,IT,Masters,4,2,32,1
238,44,9,26750,Sales,Masters,1,4,61,1
239,31,16,79756,Sales,PhD,3,4,49,0
240,28,21,92957,Finance,Masters,5,4,18,0
241,56,25,130423,HR,Bachelors,3,2,68,0
242,58,24,83053,Sales,Masters,1,3,65,0
243,40,16,95855,Sales,Bachelors,3,5,46,0
244,55,12,40896,Operations,Bachelors,1,3,38,1
245,45,19,80761,Operations,Masters,4,1,67,0
246,55,24,87552,IT,Bachelors,3,4,32,0
247,45,3,145075,Finance,Masters,4,3,12,0
248,49,9,102454,IT,Bachelors,4,5,53,0
249,38,2,143681,Operations,Masters,2,1,6,1
250,38,17,115600,HR,Masters,1,2,78,1
251,22,21,147732,Operations,Masters,5,2,13,0
252,55,33,137153,Finance,Masters,1,5,18,1
253,36,7,147926,Operations,Masters,5,1,53,0
254,56,18,52935,Finance,Bachelors,1,4,19,1
255,53,5,62641,Finance,Bachelors,4,3,28,0
256,24,25,54711,Finance,Bachelors,3,1,23,0
257,53,33,95342,Finance,Masters,3,2,62,1
258,34,5,131896,Finance,Bachelors,2,5,73,0
259,41,32,37182,HR,Masters,5,5,56,0
260,40,21,112833,IT,Bachelors,5,3,7,0
261,28,20,81276,Sales,Bachelors,5,5,61,0
262,27,5,44541,IT,Masters,4,5,28,0
263,23,5,119457,Finance,Bachelors,5,1,73,0
264,37,3,107310,HR,Bachelors,3,4,16,0
265,53,29,69813,Operations,Bachelors,4,3,65,0
266,32,10,62198,HR,PhD,1,1,5,1
267,42,29,33820,Finance,Masters,5,4,57,0
268,42,30,49070,HR,Bachelors,5,1,68,1
269,50,23,94768,HR,Bachelors,1,1,27,1
270,58,8,36122,Finance,Bachelors,5,5,61,0
271,58,2,105559,HR,Masters,1,4,40,0
272,28,30,98543,Sales,Masters,4,3,68,0
273,47,23,108441,Sales,Bachelors,3,3,40,0
274,47,30,66786,HR,Bachelors,1,4,48,0
275,54,5,119934,Operations,Bachelors,2,5,48,1
276,41,1,124804,Finance,Masters,1,2,75,1
277,50,19,31737,Sales,Masters,5,1,70,1
278,53,27,61062,Operations,Bachelors,4,5,2,0
279,48,10,79237,HR,Bachelors,4,4,9,0
280,53,3,76571,Operations,Bachelors,1,1,34,1
281,25,14,50510,IT,PhD,3,3,79,0
282,39,5,44426,Sales,Bachelors,2,2,1,1
283,24,29,62265,HR,Masters,4,3,23,0
284,55,1,42850,Finance,Masters,5,4,73,0
285,37,14,143249,HR,Bachelors,5,1,37,0
286,48,10,91150,Finance,Bachelors,3,4,21,0
287,50,7,112312,HR,Bachelors,4,1,25,0
288,49,25,114613,Operations,Masters,1,5,42,0
289,26,4,99910,Operations,Masters,5,2,54,0
290,55,5,77375,Operations,Masters,3,5,38,0
291,57,25,146826,IT,Bachelors,4,5,28,0
292,44,3,60435,Finance,Bachelors,4,4,19,0
293,49,18,121443,Operations,PhD,4,2,40,0
294,51,19,82132,IT,Masters,4,1,53,0
295,55,32,103945,Finance,Bachelors,4,1,19,0
296,53,19,107050,HR,PhD,5,3,18,0
297,41,11,120402,IT,Masters,3,1,65,0
298,52,0,27983,Sales,Bachelors,4,4,29,1
299,43,25,122241,IT,Masters,2,5,52,0
300,53,13,45662,IT,Masters,2,5,33,1
301,23,10,48510,Finance,Masters,3,5,21,0
302,38,12,103187,HR,Bachelors,1,2,66,1
303,45,2,65998,Sales,Bachelors,1,1,5,1
304,51,32,81846,Operations,Masters,1,4,78,0
305,23,5,119071,Operations,Bachelors,2,2,26,1
306,44,9,31640,IT,Bachelors,1,3,9,1
307,52,4,69547,Finance,Bachelors,5,4,72,0
308,42,22,79620,Finance,Bachelors,4,4,47,0
309,43,9,40317,Operations,Masters,2,4,69,1
310,22,1,140608,Sales,Masters,3,5,58,0
311,47,12,32564,HR,Bachelors,3,4,58,1
312,22,1,52345,Sales,Bachelors,4,1,1,0
313,46,19,138824,HR,Bachelors,2,4,28,0
314,37,0,119223,Operations,Masters,1,5,67,0
315,53,8,148372,HR,Masters,1,4,64,1
316,29,16,104273,Finance,Bachelors,5,3,25,0
317,59,8,99859,IT,Masters,5,3,9,0
318,49,10,105765,IT,Masters,1,5,52,0
319,46,14,135017,Operations,Masters,3,1,78,0
320,55,23,99038,Finance,Masters,3,1,58,1
321,45,34,148618,Sales,Bachelors,5,2,21,0
322,44,29,77393,Finance,Masters,4,5,50,0
323,33,30,91081,IT,Bachelors,1,4,47,1
324,27,4,127650,IT,Masters,5,5,20,0
325,56,13,54430,Finance,Masters,5,2,21,0
326,40,10,100532,Finance,Masters,1,5,29,0
327,21,8,52788,IT,Masters,1,5,24,0
328,28,33,120505,Sales,Bachelors,3,2,27,0
329,36,11,73543,Operations,Bachelors,4,1,64,0
330,34,34,38919,Operations,PhD,4,4,44,0
331,32,34,94346,Finance,Masters,1,2,67,1
332,43,0,121122,Operations,Bachelors,2,3,6,0
333,35,21,64974,IT,Bachelors,5,1,48,1
334,48,28,132309,IT,Bachelors,5,3,8,0
335,54,7,41371,Finance,Masters,1,1,35,1
336,22,10,70084,Finance,Masters,2,4,0,0
337,52,13,54629,Finance,Bachelors,3,4,9,0
338,43,29,76184,Sales,Bachelors,1,5,35,0
339,42,34,86916,Operations,Masters,1,3,72,0
340,45,20,98972,Finance,Masters,5,1,45,0
341,42,4,87187,HR,Bachelors,1,4,31,0
342,42,18,37984,HR,Bachelors,1,2,31,1
343,26,13,58039,IT,Bachelors,1,4,5,1
344,35,25,110431,Operations,Bachelors,5,2,47,0
345,57,3,108691,Finance,Bachelors,3,1,37,0
346,53,24,83606,HR,Masters,3,4,16,0
347,28,24,35616,Operations,Masters,1,4,73,1
348,25,17,127665,IT,Masters,5,1,26,0
349,59,7,130373,Sales,Masters,3,4,53,0
350,24,13,75072,Operations,Bachelors,3,2,49,1
351,26,31,49574,Operations,Bachelors,3,4,34,0
352,52,32,28430,Sales,Bachelors,5,3,24,0
353,50,22,144123,Operations,Bachelors,5,5,27,0
354,55,14,37676,IT,Masters,1,2,14,1
355,36,32,35816,IT,PhD,4,3,3,0
356,33,24,57733,Sales,Bachelors,3,1,72,0
357,50,16,110680,Finance,Bachelors,4,2,26,0
358,39,32,27050,HR,Masters,5,5,25,0
359,37,1,134996,Finance,Bachelors,5,5,18,0
360,39,13,58933,Operations,Bachelors,5,1,16,0
361,48,5,49951,HR,Masters,4,1,42,1
362,46,5,57413,Sales,Masters,5,2,40,0
363,57,2,59801,Sales,Bachelors,1,4,41,0
364,46,6,80619,HR,Bachelors,5,1,49,1
365,43,7,57913,IT,Masters,2,4,39,1
366,29,14,137573,HR,Bachelors,4,3,38,0
367,32,28,144076,Operations,Bachelors,2,5,22,0
368,21,32,65600,IT,Masters,5,4,51,0
369,21,29,82775,Sales,Bachelors,1,5,46,0
370,54,26,115816,HR,Masters,3,4,62,0
371,52,28,115093,Finance,Bachelors,5,3,68,0
372,45,32,137590,Finance,PhD,1,1,42,1
373,21,26,60400,Operations,Bachelors,4,3,47,0
374,36,32,29494,Finance,Bachelors,2,1,33,1
375,59,3,105688,HR,Bachelors,2,1,39,1
376,25,21,147744,HR,Bachelors,2,5,74,0
377,42,1,114431,Finance,Masters,4,3,60,0
378,49,9,99691,HR,PhD,1,4,49,0
379,23,4,122419,Operations,Bachelors,4,3,66,0
380,32,9,133730,IT,Bachelors,2,5,61,0
381,46,32,68001,Operations,Masters,5,1,57,0
382,36,12,92364,Operations,Masters,3,5,32,0
383,57,30,149988,HR,Bachelors,4,2,74,0
384,42,23,70028,IT,Bachelors,4,2,15,0
385,49,14,132434,HR,Bachelors,1,4,47,0
386,34,28,122659,Sales,Masters,1,5,9,0
387,48,7,62573,HR,Bachelors,4,4,37,0
388,25,4,25806,HR,Masters,2,4,18,1
389,50,28,149343,HR,Bachelors,3,2,35,1
390,25,3,81638,IT,Masters,1,4,58,1
391,32,11,131506,HR,Bachelors,2,2,62,1
392,36,1,54757,IT,Bachelors,5,1,76,0
393,46,26,59636,Finance,Bachelors,1,5,45,0
394,46,30,105097,Sales,Masters,2,4,2,0
395,41,25,73280,IT,Bachelors,2,2,73,1
396,59,26,49262,Finance,Bachelors,3,3,64,0
397,56,4,105435,IT,Bachelors,3,4,7,0
398,53,19,87211,IT,Bachelors,5,1,50,0
399,50,10,79842,Sales,Masters,2,1,72,1
400,57,9,81979,Operations,Masters,2,3,5,0
401,43,5,139524,Operations,Masters,3,2,38,0
402,30,7,106470,IT,Bachelors,1,4,59,0
403,25,22,63197,HR,Masters,1,2,27,1
404,56,25,66844,Finance,Bachelors,4,1,53,0
405,54,11,89754,HR,Bachelors,3,2,36,0
406,51,25,126868,HR,Bachelors,4,1,8,0
407,30,12,59157,IT,Bachelors,3,2,55,0
408,39,17,102129,IT,Masters,5,3,58,0
409,52,24,65042,IT,Masters,2,5,1,0
410,21,32,86665,IT,Masters,5,3,60,0
411,25,11,140512,Operations,Bachelors,3,3,57,0
412,24,3,141953,IT,Bachelors,2,5,59,1
413,36,4,107856,Operations,Bachelors,1,5,39,1
414,44,7,52376,Operations,Bachelors,1,4,35,0
415,36,27,134049,IT,Bachelors,4,4,36,0
416,22,30,80554,Sales,Bachelors,3,3,78,0
417,48,8,39199,Finance,Bachelors,3,3,17,0
418,52,28,143533,HR,Bachelors,1,1,62,1
419,47,13,106412,Operations,Masters,5,1,21,0
420,40,21,75948,Finance,PhD,2,4,10,0
421,44,10,98781,Sales,Masters,5,4,57,0
422,32,22,97750,HR,Masters,5,1,56,0
423,55,0,91262,HR,Bachelors,1,1,76,1
424,53,20,142424,Operations,Masters,1,2,3,1
425,53,25,71600,IT,Masters,1,2,6,1
426,57,22,101898,Sales,Bachelors,4,1,60,0
427,32,0,87483,Operations,Bachelors,5,2,53,0
428,23,14,43297,Sales,Masters,3,5,67,0
429,21,20,55448,IT,Bachelors,2,4,78,0
430,53,8,51172,IT,Bachelors,4,4,0,0
431,30,8,67874,Operations,Bachelors,3,1,54,0
432,49,9,32657,IT,Bachelors,5,3,2,0
433,33,25,109386,Finance,Bachelors,1,1,77,1
434,32,34,50425,HR,Bachelors,5,2,37,0
435,51,24,51685,Operations,Bachelors,2,3,0,0
436,22,25,147000,Sales,Bachelors,4,2,37,0
437,55,10,137855,Finance,Masters,4,5,28,0
438,43,1,49578,Operations,Bachelors,2,2,4,1
439,37,6,53831,IT,Bachelors,3,5,73,0
440,46,17,32906,IT,Bachelors,3,5,20,1
441,28,26,86413,IT,Masters,4,2,70,1
442,49,33,79028,IT,Bachelors,4,2,66,1
443,46,26,32287,Sales,Bachelors,1,5,46,1
444,30,16,58660,Finance,Masters,3,3,34,0
445,46,23,100758,HR,Masters,2,5,67,0
446,54,24,85504,Sales,Bachelors,3,4,68,0
447,27,6,84720,Sales,Masters,1,5,0,0
448,24,5,127979,HR,Bachelors,4,3,67,0
449,31,23,59701,HR,Bachelors,4,4,11,0
450,49,32,108300,IT,Bachelors,1,1,59,1
451,56,28,135177,Sales,Bachelors,2,1,26,1
452,45,21,42674,Operations,Masters,4,3,55,0
453,41,25,108560,HR,Bachelors,5,5,22,0
454,56,27,136543,HR,Bachelors,4,2,24,0
455,30,20,48874,Finance,Masters,5,3,20,0
456,57,6,68642,Operations,Masters,1,4,60,0
457,29,16,148867,Operations,Bachelors,1,4,62,0
458,44,19,122820,HR,Masters,4,1,51,0
459,55,19,90160,IT,Bachelors,3,4,24,0
460,55,21,42602,Finance,Masters,5,3,54,1
461,56,27,128320,Operations,Masters,2,4,45,1
462,38,6,113801,HR,PhD,4,3,31,0
463,59,0,50931,Operations,Bachelors,2,2,54,1
464,52,31,119377,Finance,Bachelors,4,1,4,0
465,44,12,54192,Finance,Bachelors,3,4,35,0
466,43,29,71542,Sales,Bachelors,3,3,48,0
467,52,22,67520,HR,Bachelors,3,5,57,0
468,57,18,89772,Finance,Masters,3,1,38,0
469,32,31,83762,Sales,Bachelors,1,2,79,1
470,33,29,75106,Sales,Bachelors,1,3,60,0
471,43,28,106121,Operations,Masters,5,2,8,0
472,45,28,50559,Operations,Bachelors,2,2,5,1
473,55,29,130595,Sales,Masters,4,4,34,0
474,50,15,58742,Operations,Bachelors,4,4,38,0
475,37,18,94669,Finance,Bachelors,1,3,21,0
476,40,17,105199,IT,Bachelors,4,5,40,0
477,45,0,46754,Finance,Bachelors,1,3,4,1
478,42,13,28972,Sales,Masters,5,5,41,0
479,33,1,95831,Sales,Bachelors,2,2,75,1
480,39,27,137217,Finance,Bachelors,5,1,79,0
481,56,29,66873,Operations,Bachelors,3,3,66,0
482,32,3,119661,Operations,Bachelors,3,3,29,0
483,39,0,131532,Sales,Masters,3,5,56,0
484,32,7,34903,HR,Bachelors,5,2,72,1
485,29,28,28020,Operations,Masters,4,2,28,1
486,27,2,66755,Finance,PhD,2,5,36,0
487,48,31,110956,Operations,Bachelors,3,2,12,0
488,34,9,111988,Finance,Masters,3,4,31,0
489,51,9,70648,Sales,Bachelors,3,1,45,0
490,39,18,128537,Operations,Bachelors,2,3,22,0
491,36,33,34516,Finance,Bachelors,3,1,44,1
492,25,32,137863,Sales,Masters,2,3,16,0
493,55,22,140005,HR,PhD,3,4,65,0
494,32,27,27396,Finance,Bachelors,5,2,5,1
495,45,31,109082,HR,Masters,5,5,17,0
496,41,6,44129,HR,Bachelors,2,4,21,1
497,56,28,26591,IT,Bachelors,5,1,32,1
498,43,7,36303,Operations,Bachelors,2,5,29,1
499,36,0,55561,Finance,PhD,5,2,31,1
500,59,2,96719,HR,Masters,5,4,41,0
